"quote","attribution"
"Moral indignation is jealousy with a halo.","- H. G. Wells (1866-1946)"
"Glory is fleeting, but obscurity is forever.","- Napoleon Bonaparte (1769-1821)"
"The whole problem with the world is that fools and fanatics are always so certain of themselves, and wiser people so full of doubts.","- Bertrand Russell (1872-1970)"
"Victory goes to the player who makes the next-to-last mistake.","- Chessmaster Savielly Grigorievitch Tartakower (1887-1956)"
"Don't be so humble - you are not that great.","- Golda Meir (1898-1978) to a visiting diplomat"
"His ignorance is encyclopedic","- Abba Eban (1915-2002)"
"If a man does his best, what else is there?","- General George S. Patton (1885-1945)"
"Political correctness is tyranny with manners.","- Charlton Heston (1924-2008)"
"You can avoid reality, but you cannot avoid the consequences of avoiding reality.","- Ayn Rand (1905-1982)"
"When one person suffers from a delusion it is called insanity; when many people suffer from a delusion it is called religion.","- Robert Pirsig (1948-)"
"Sex and religion are closer to each other than either might prefer.","- Saint Thomas More (1478-1535)"
"The greater danger for most of us lies not in setting our aim too high and falling short, but in setting our aim too low, and achieving our mark.","- Michelangelo di Lodovico Buonarroti Simoni (1475-1564)"
"I can write better than anybody who can write faster, and I can write faster than anybody who can write better.","- A. J. Liebling (1904-1963)"
"People demand freedom of speech to make up for the freedom of thought which they avoid.","- Soren Aabye Kierkegaard (1813-1855)"
"Give me chastity and continence, but not yet.","- Saint Augustine (354-430)"
"Not everything that can be counted counts, and not everything that counts can be counted.","- Albert Einstein (1879-1955)"
"Only two things are infinite, the universe and human stupidity, and I'm not sure about the former.","- Albert Einstein (1879-1955)"
"A lie gets halfway around the world before the truth has a chance to get its pants on.","- Sir Winston Churchill (1874-1965)"
"You may not be interested in war, but war is interested in you.","- Leon Trotsky (1879-1940)"
"I do not feel obliged to believe that the same God who has endowed us with sense, reason, and intellect has intended us to forgo their use.","- Galileo Galilei (1564-1642)"
"We are all atheists about most of the gods humanity has ever believed in. Some of us just go one god further.","- Richard Dawkins (1941-)"
"The scientist builds in order to study; the engineer studies in order to build.","- Fred Brooks (1931-2022)"
"The artist is nothing without the gift, but the gift is nothing without work.","- Emile Zola (1840-1902)"
"This book fills a much-needed gap.","- Moses Hadas (1900-1966) in a review"
"The full use of your powers along lines of excellence.","- definition of ""happiness"" by John F. Kennedy (1917-1963)"
"I'm living so far beyond my income that we may almost be said to be living apart.","- e e cummings (1894-1962)"
"Give me a museum and I'll fill it.","- Pablo Picasso (1881-1973)"
"Assassins!","- Arturo Toscanini (1867-1957) to his orchestra"
"I'll moider da bum.","- Heavyweight boxer Tony Galento, when asked what he thought of William Shakespeare"
"In theory, there is no difference between theory and practice. But in practice, there is.","- Yogi Berra"
"I find that the harder I work, the more luck I seem to have.","- Thomas Jefferson (1743-1826)"
"Each problem that I solved became a rule which served afterwards to solve other problems.","- Rene Descartes (1596-1650), ""Discours de la Methode"""
"In the End, we will remember not the words of our enemies, but the silence of our friends.","- Martin Luther King Jr. (1929-1968)"
"Whether you think that you can, or that you can't, you are usually right.","- Henry Ford (1863-1947)"
"Do, or do not. There is no 'try'.","- Yoda ('The Empire Strikes Back')"
"The only way to get rid of a temptation is to yield to it.","- Oscar Wilde (1854-1900)"
"Don't stay in bed, unless you can make money in bed.","- George Burns (1896-1996)"
"I don't know why we are here, but I'm pretty sure that it is not in order to enjoy ourselves.","- Ludwig Wittgenstein (1889-1951)"
"There are no facts, only interpretations.","- Friedrich Nietzsche (1844-1900)"
"Nothing in the world is more dangerous than sincere ignorance and conscientious stupidity.","- Martin Luther King Jr. (1929-1968)"
"The use of COBOL cripples the mind; its teaching should, therefore, be regarded as a criminal offense.","- Edsgar Dijkstra (1930-2002)"
"C makes it easy to shoot yourself in the foot; C++ makes it harder, but when you do, it blows away your whole leg.","- Bjarne Stroustrup"
"A mathematician is a device for turning coffee into theorems.","- Paul Erdos (1913-1996)"
"Problems worthy of attack prove their worth by fighting back.","- Paul Erdos (1913-1996)"
"Happiness equals reality minus expectations.","- Tom Magliozzi (1937-2014)"
"Try to learn something about everything and everything about something.","- Thomas Henry Huxley (1825-1895)"
"Dancing is silent poetry.","- Simonides (556-468bc)"
"The only difference between me and a madman is that I'm not mad.","- Salvador Dali (1904-1989)"
"If you can't get rid of the skeleton in your closet, you'd best teach it to dance.","- George Bernard Shaw (1856-1950)"
"But at my back I always hear Time's winged chariot hurrying near.","- Andrew Marvell (1621-1678)"
"Good people do not need laws to tell them to act responsibly, while bad people will find a way around the laws.","- Plato (427-347 B.C.)"
"The power of accurate observation is frequently called cynicism by those who don't have it.","- George Bernard Shaw (1856-1950)"
"Whenever I climb I am followed by a dog called 'Ego'.","- Friedrich Nietzsche (1844-1900)"
"Everybody pities the weak; jealousy you have to earn.","- Arnold Schwarzenegger (1947-)"
"Celibacy is the most unusual of all the perversions.","- Oscar Wilde (1854-1900)"
"If there were no priests, people would be more religious.","- Voltaire (1694-1778) (Against stupidity, the gods themselves contend in vain., Friedrich von Schiller (1759-1805))"
"We have art to save ourselves from the truth.","- Friedrich Nietzsche (1844-1900)"
"Never interrupt your enemy when he is making a mistake.","- Napoleon Bonaparte (1769-1821)"
"I have never killed anyone, but I have read some obituary notices with great satisfaction.","- Clarence Darrow (1857-1938)"
"I think 'Hail to the Chief' has a nice ring to it.","- John F. Kennedy (1917-1963) when asked what is his favorite song"
"I have nothing to declare except my genius.","- Oscar Wilde (1854-1900) upon arriving at U.S. customs 1882"
"Human history becomes more and more a race between education and catastrophe.","- H. G. Wells (1866-1946)"
"Talent does what it can; genius does what it must.","- Edward George Bulwer-Lytton (1803-1873)"
"The difference between 'involvement' and 'commitment' is like an eggs-and-ham breakfast: the chicken was 'involved' - the pig was 'committed'.","- unknown"
"Women might be able to fake orgasms. But men can fake a whole relationship.","- Sharon Stone"
"If you are going through hell, keep going.","- Sir Winston Churchill (1874-1965)"
"Life isn't about waiting for the storm to pass; it's about learning to dance in the rain.","- Vivian Greene"
"He who has a 'why' to live, can bear with almost any 'how'.","- Friedrich Nietzsche (1844-1900)"
"Many wealthy people are little more than janitors of their possessions.","- Frank Lloyd Wright (1868-1959)"
"I'm all in favor of keeping dangerous weapons out of the hands of fools. Let's start with typewriters.","- Frank Lloyd Wright (1868-1959)"
"Some cause happiness wherever they go; others, whenever they go.","- Oscar Wilde (1854-1900)"
"God is a comedian playing to an audience too afraid to laugh.","- Voltaire (1694-1778)"
"He is one of those people who would be enormously improved by death.","- H. H. Munro (Saki) (1870-1916)"
"I am ready to meet my Maker. Whether my Maker is prepared for the great ordeal of meeting me is another matter.","- Sir Winston Churchill (1874-1965)"
"I shall not waste my days in trying to prolong them.","- Ian L. Fleming (1908-1964)"
"If you can count your money, you don't have a billion dollars.","- J. Paul Getty (1892-1976)"
"Facts are the enemy of truth.","- Don Quixote - ""Man of La Mancha"""
"When you do the common things in life in an uncommon way, you will command the attention of the world.","- George Washington Carver (1864-1943)"
"How wrong it is for a woman to expect the man to build the world she wants, rather than to create it herself.","- Anais Nin (1903-1977)"
"I have not failed. I've just found 10,000 ways that won't work.","- Thomas Alva Edison (1847-1931)"
"I begin by taking. I shall find scholars later to demonstrate my perfect right.","- Frederick (II) the Great"
"Maybe this world is another planet's Hell.","- Aldous Huxley (1894-1963)"
"Blessed is the man, who having nothing to say, abstains from giving wordy evidence of the fact.","- George Eliot (1819-1880)"
"Once you eliminate the impossible, whatever remains, no matter how improbable, must be the truth.","- Sherlock Holmes (by Sir Arthur Conan Doyle, 1859-1930)"
"Black holes are where God divided by zero.","- Steven Wright"
"I've had a wonderful time, but this wasn't it.","- Groucho Marx (1895-1977)"
"It's kind of fun to do the impossible.","- Walt Disney (1901-1966)"
"We didn't lose the game; we just ran out of time.","- Vince Lombardi"
"The optimist proclaims that we live in the best of all possible worlds, and the pessimist fears this is true.","- James Branch Cabell"
"A friendship founded on business is better than a business founded on friendship.","- John D. Rockefeller (1874-1960)"
"All are lunatics, but he who can analyze his delusion is called a philosopher.","- Ambrose Bierce (1842-1914)"
"You can only find truth with logic if you have already found truth without it.","- Gilbert Keith Chesterton (1874-1936)"
"An inconvenience is only an adventure wrongly considered; an adventure is an inconvenience rightly considered.","- Gilbert Keith Chesterton (1874-1936)"
"I have come to believe that the whole world is an enigma, a harmless enigma that is made terrible by our own mad attempt to interpret it as though it had an underlying truth.","- Umberto Eco"
"Be nice to people on your way up because you meet them on your way down.","- Jimmy Durante"
"The true measure of a man is how he treats someone who can do him absolutely no good.","- Samuel Johnson (1709-1784)"
"A people that values its privileges above its principles soon loses both.","- Dwight D. Eisenhower (1890-1969), Inaugural Address, January 20, 1953"
"The significant problems we face cannot be solved at the same level of thinking we were at when we created them.","- Albert Einstein (1879-1955)"
"Basically, I no longer work for anything but the sensation I have while working.","- Albert Giacometti (sculptor)"
"There's a limit to how many times you can read how great you are and what an inspiration you are, but I'm not there yet.","- Randy Pausch (1960-2008)"
"It is far better to grasp the Universe as it really is than to persist in delusion, however satisfying and reassuring.","- Carl Sagan (1934-1996)"
"All truth passes through three stages. First, it is ridiculed. Second, it is violently opposed. Third, it is accepted as being self-evident.","- Arthur Schopenhauer (1788-1860)"
"Many a man's reputation would not know his character if they met on the street.","- Elbert Hubbard (1856-1915)"
"There is more stupidity than hydrogen in the universe, and it has a longer shelf life.","- Frank Zappa"
"Perfection is achieved, not when there is nothing more to add, but when there is nothing left to take away.","- Antoine de Saint Exupery"
"Life is pleasant. Death is peaceful. It's the transition that's troublesome.","- Isaac Asimov"
"If you want to make an apple pie from scratch, you must first create the universe.","- Carl Sagan (1934-1996)"
"It is much more comfortable to be mad and know it, than to be sane and have one's doubts.","- G. B. Burgin"
"Once is happenstance. Twice is coincidence. Three times is enemy action.","- Auric Goldfinger, in ""Goldfinger"" by Ian L. Fleming (1908-1964)"
"To love oneself is the beginning of a lifelong romance","- Oscar Wilde (1854-1900)"
"Knowledge speaks, but wisdom listens.","- Jimi Hendrix"
"A clever man commits no minor blunders.","- Goethe (1749-1832)"
"Unable to suppress love, the Church wanted at least to disinfect it, and it created marriage.","- Charles Baudelaire (1821-1867)"
"Argue for your limitations, and sure enough they're yours.","- Richard Bach"
"A witty saying proves nothing.","- Voltaire (1694-1778)"
"Sleep is an excellent way of listening to an opera.","- James Stephens (1882-1950)"
"The nice thing about being a celebrity is that if you bore people they think it's their fault.","- Henry Kissinger (1923-)"
"Education is a progressive discovery of our own ignorance.","- Will Durant"
"I have often regretted my speech, never my silence.","- Xenocrates (396-314 B.C.)"
"It was the experience of mystery -- even if mixed with fear -- that engendered religion.","- Albert Einstein (1879-1955)"
"If everything seems under control, you're just not going fast enough.","- Mario Andretti"
"I do not consider it an insult, but rather a compliment to be called an agnostic. I do not pretend to know where many ignorant men are sure -- that is all that agnosticism means.","- Clarence Darrow, Scopes trial, 1925."
"Obstacles are those frightful things you see when you take your eyes off your goal.","- Henry Ford (1863-1947)"
"I'll sleep when I'm dead.","- Warren Zevon (1947-2003)"
"There are people in the world so hungry, that God cannot appear to them except in the form of bread.","- Mahatma Gandhi (1869-1948)"
"When you gaze long into the abyss, the abyss also gazes into you.","- Friedrich Nietzsche (1844-1900)"
"The instinct of nearly all societies is to lock up anybody who is truly free. First, society begins by trying to beat you up. If this fails, they try to poison you. If this fails too, they finish by loading honors on your head.","- Jean Cocteau (1889-1963)"
"Everyone is a genius at least once a year; a real genius has his original ideas closer together.","- Georg Lichtenberg (1742-1799)"
"Success usually comes to those who are too busy to be looking for it","- Henry David Thoreau (1817-1862)"
"While we are postponing, life speeds by.","- Seneca (3BC - 65AD)"
"Where are we going, and why am I in this handbasket?","- Bumper Sticker"
"God, please save me from your followers!","- Bumper Sticker"
"Fill what's empty, empty what's full, and scratch where it itches.","- the Duchess of Windsor, when asked what is the secret of a long and happy life"
"First they ignore you, then they laugh at you, then they fight you, then you win.","- Mahatma Gandhi (1869-1948)"
"Luck is the residue of design.","- Branch Rickey - former owner of the Brooklyn Dodger Baseball Team"
"Tragedy is when I cut my finger. Comedy is when you walk into an open sewer and die.","- Mel Brooks"
"Most people would sooner die than think; in fact, they do so.","- Bertrand Russell (1872-1970)"
"Wit is educated insolence.","- Aristotle (384-322 B.C.)"
"My advice to you is get married: if you find a good wife you'll be happy; if not, you'll become a philosopher.","- Socrates (470-399 B.C.)"
"Advice is what we ask for when we already know the answer but wish we didn't","- Erica Jong (1942-)"
"Show me a woman who doesn't feel guilty and I'll show you a man.","- Erica Jong (1942-)"
"I've learned that people will forget what you said, people will forget what you did, but people will never forget how you made them feel.","- Maya Angelou (1928-)"
"Egotist: a person more interested in himself than in me.","- Ambrose Bierce (1842-1914)"
"A narcissist is someone better looking than you are.","- Gore Vidal"
"Wise men make proverbs, but fools repeat them.","- Samuel Palmer (1805-80)"
"It has become appallingly obvious that our technology has exceeded our humanity.","- Albert Einstein (1879-1955)"
"The secret of success is to know something nobody else knows.","- Aristotle Onassis (1906-1975)"
"Sometimes when reading Goethe I have the paralyzing suspicion that he is trying to be funny.","- Guy Davenport"
"When you have to kill a man, it costs nothing to be polite.","- Sir Winston Churchill (1874-1965)"
"Any man who is under 30, and is not a liberal, has no heart; and any man who is over 30, and is not a conservative, has no brains.","- Sir Winston Churchill (1874-1965)"
"The opposite of a correct statement is a false statement. The opposite of a profound truth may well be another profound truth.","- Niels Bohr (1885-1962)"
"We all agree that your theory is crazy, but is it crazy enough?","- Niels Bohr (1885-1962)"
"When I am working on a problem I never think about beauty. I only think about how to solve the problem. But when I have finished, if the solution is not beautiful, I know it is wrong.","- Buckminster Fuller (1895-1983)"
"In science one tries to tell people, in such a way as to be understood by everyone, something that no one ever knew before. But in poetry, it's the exact opposite.","- Paul Dirac (1902-1984)"
"I would have made a good Pope.","- Richard M. Nixon (1913-1994)"
"In any contest between power and patience, bet on patience.","- W.B. Prescott"
"Anyone who considers arithmetical methods of producing random digits is, of course, in a state of sin.","- John von Neumann (1903-1957)"
"The mistakes are all waiting to be made.","- chessmaster Savielly Grigorievitch Tartakower (1887-1956) on the game's opening position"
"It is unbecoming for young men to utter maxims.","- Aristotle (384-322 B.C.)"
"Grove giveth and Gates taketh away.","- Bob Metcalfe (inventor of Ethernet) on the trend of hardware speedups not being able to keep up with software demands"
"Reality is merely an illusion, albeit a very persistent one.","- Albert Einstein (1879-1955)"
"One of the symptoms of an approaching nervous breakdown is the belief that one's work is terribly important.","- Bertrand Russell (1872-1970)"
"A little inaccuracy sometimes saves a ton of explanation.","- H. H. Munro (Saki) (1870-1916)"
"There are two ways of constructing a software design; one way is to make it so simple that there are obviously no deficiencies, and the other way is to make it so complicated that there are no obvious deficiencies. The first method is far more difficult.","- C. A. R. Hoare"
"Make everything as simple as possible, but not simpler.","- Albert Einstein (1879-1955)"
"What do you take me for, an idiot?","- General Charles de Gaulle (1890-1970), when a journalist asked him if he was happy"
"I heard someone tried the monkeys-on-typewriters bit trying for the plays of W. Shakespeare, but all they got was the collected works of Francis Bacon.","- Bill Hirst"
"Three o'clock is always too late or too early for anything you want to do.","- Jean-Paul Sartre (1905-1980)"
"A doctor can bury his mistakes but an architect can only advise his clients to plant vines.","- Frank Lloyd Wright (1868-1959)"
"It is dangerous to be sincere unless you are also stupid.","- George Bernard Shaw (1856-1950)"
"If you haven't got anything nice to say about anybody, come sit next to me.","- Alice Roosevelt Longworth (1884-1980)"
"A man can't be too careful in the choice of his enemies.","- Oscar Wilde (1854-1900)"
"Forgive your enemies, but never forget their names.","- John F. Kennedy (1917-1963)"
"Logic is in the eye of the logician.","- Gloria Steinem"
"No one can earn a million dollars honestly.","- William Jennings Bryan (1860-1925)"
"Everything has been figured out, except how to live.","- Jean-Paul Sartre (1905-1980)"
"Well-timed silence hath more eloquence than speech.","- Martin Fraquhar Tupper"
"Thank you for sending me a copy of your book - I'll waste no time reading it.","- Moses Hadas (1900-1966)"
"From the moment I picked your book up until I laid it down I was convulsed with laughter. Some day I intend reading it.","- Groucho Marx (1895-1977)"
"It is better to have a permanent income than to be fascinating.","- Oscar Wilde (1854-1900)"
"When ideas fail, words come in very handy.","- Goethe (1749-1832)"
"In the end, everything is a gag.","- Charlie Chaplin (1889-1977)"
"The nice thing about egotists is that they don't talk about other people.","- Lucille S. Harper"
"You got to be careful if you don't know where you're going, because you might not get there.","- Yogi Berra"
"I love Mickey Mouse more than any woman I have ever known.","- Walt Disney (1901-1966)"
"He who hesitates is a damned fool.","- Mae West (1892-1980)"
"Good teaching is one-fourth preparation and three-fourths theater.","- Gail Godwin"
"University politics are vicious precisely because the stakes are so small.","- Henry Kissinger (1923-)"
"The graveyards are full of indispensable men.","- Charles de Gaulle (1890-1970)"
"You can pretend to be serious; you can't pretend to be witty.","- Sacha Guitry (1885-1957)"
"Behind every great fortune there is a crime.","- Honore de Balzac (1799-1850)"
"If women didn't exist, all the money in the world would have no meaning.","- Aristotle Onassis (1906-1975)"
"I am not young enough to know everything.","- Oscar Wilde (1854-1900)"
"Bigamy is having one wife too many. Monogamy is the same.","- Oscar Wilde (1854-1900)"
"The object of war is not to die for your country but to make the other bastard die for his.","- General George Patton (1885-1945)"
"Sometimes a scream is better than a thesis.","- Ralph Waldo Emerson (1803-1882)"
"There is no sincerer love than the love of food.","- George Bernard Shaw (1856-1950)"
"I don't even butter my bread; I consider that cooking.","- Katherine Cebrian"
"I have an existential map; it has 'you are here' written all over it.","- Steven Wright"
"Mr. Wagner has beautiful moments but bad quarters of an hour.","- Gioacchino Rossini (1792-1868)"
"Manuscript: something submitted in haste and returned at leisure.","- Oliver Herford (1863-1935)"
"I have read your book and much like it.","- Moses Hadas (1900-1966)"
"The covers of this book are too far apart.","- Ambrose Bierce (1842-1914)"
"Everywhere I go I'm asked if I think the university stifles writers. My opinion is that they don't stifle enough of them.","- Flannery O'Connor (1925-1964)"
"Too many pieces of music finish too long after the end.","- Igor Stravinsky (1882-1971)"
"Anything that is too stupid to be spoken is sung.","- Voltaire (1694-1778)"
"When choosing between two evils, I always like to try the one I've never tried before.","- Mae West (1892-1980)"
"I don't know anything about music. In my line you don't have to.","- Elvis Presley (1935-1977)"
"No Sane man will dance.","- Cicero (106-43 B.C.)"
"Hell is a half-filled auditorium.","- Robert Frost (1874-1963)"
"Show me a sane man and I will cure him for you.","- Carl Gustav Jung (1875-1961)"
"Vote early and vote often.","- Al Capone (1899-1947)"
"If I were two-faced, would I be wearing this one?","- Abraham Lincoln (1809-1865)"
"Few things are harder to put up with than a good example.","- Mark Twain (1835-1910)"
"Hell is other people.","- Jean-Paul Sartre (1905-1980)"
"Now I am become death, the destroyer of worlds.","- Robert J. Oppenheimer (1904-1967) (citing from the Bhagavad Gita, after witnessing the world's first nuclear explosion)"
"Happiness is good health and a bad memory.","- Ingrid Bergman (1917-1982)"
"Friends may come and go, but enemies accumulate.","- Thomas Jones"
"You can get more with a kind word and a gun than you can with a kind word alone.","- Al Capone (1899-1947)"
"The gods too are fond of a joke.","- Aristotle (384-322 B.C.)"
"Distrust any enterprise that requires new clothes.","- Henry David Thoreau (1817-1862)"
"The difference between pornography and erotica is lighting.","- Gloria Leonard"
"It is time I stepped aside for a less experienced and less able man.","- Professor Scott Elledge on his retirement from Cornell"
"Every day I get up and look through the Forbes list of the richest people in America. If I'm not there, I go to work.","- Robert Orben"
"The cynics are right nine times out of ten.","- Henry Louis Mencken (1880-1956)"
"There are some experiences in life which should not be demanded twice from any man, and one of them is listening to the Brahms Requiem.","- George Bernard Shaw (1856-1950)"
"And I looked, and behold a pale horse: and his name that sat on him was Death, and Hell followed with him.","- Revelation 6:8"
"Attention to health is life's greatest hindrance.","- Plato (427-347 B.C.)"
"Plato was a bore.","- Friedrich Nietzsche (1844-1900)"
"Nietzsche was stupid and abnormal.","- Leo Tolstoy (1828-1910)"
"I'm not going to get into the ring with Tolstoy.","- Ernest Hemingway (1899-1961)"
"Hemingway was a jerk.","- Harold Robbins"
"Men are not disturbed by things, but the view they take of things.","- Epictetus (55-135 A.D.)"
"What about things like bullets?","- Herb Kimmel, Behavioralist, Professor of Psychology, upon hearing the above quote (1981)"
"How can I lose to such an idiot?","- A shout from chessmaster Aaron Nimzovich (1886-1935)"
"Not only is there no God, but try finding a plumber on Sunday.","- Woody Allen (1935-)"
"I don't feel good.","- The last words of Luther Burbank (1849-1926)"
"Nothing is wrong with California that a rise in the ocean level wouldn't cure.","- Ross MacDonald (1915-1983)"
"Men have become the tools of their tools.","- Henry David Thoreau (1817-1862)"
"I have never let my schooling interfere with my education.","- Mark Twain (1835-1910)"
"It is now possible for a flight attendant to get a pilot pregnant.","- Richard J. Ferris, president of United Airlines"
"I never miss a chance to have sex or appear on television.","- Gore Vidal"
"I don't want to achieve immortality through my work; I want to achieve immortality through not dying.","- Woody Allen (1935-)"
"Men and nations behave wisely once they have exhausted all the other alternatives.","- Abba Eban (1915-2002)"
"A consensus means that everyone agrees to say collectively what no one believes individually.","- Abba Eban (1915-2002)"
"To sit alone with my conscience will be judgment enough for me.","- Charles William Stubbs"
"Sanity is a madness put to good uses.","- George Santayana (1863-1952)"
"Imitation is the sincerest form of television.","- Fred Allen (1894-1956)"
"Always do right- this will gratify some and astonish the rest.","- Mark Twain (1835-1910)"
"In America, anybody can be president. That's one of the risks you take.","- Adlai Stevenson (1900-1965)"
"Copy from one, it's plagiarism; copy from two, it's research.","- Wilson Mizner (1876-1933)"
"Why don't you write books people can read?","- Nora Joyce to her husband James (1882-1941)"
"Some editors are failed writers, but so are most writers.","- T. S. Eliot (1888-1965)"
"Criticism is prejudice made plausible.","- Henry Louis Mencken (1880-1956)"
"It is better to be quotable than to be honest.","- Tom Stoppard"
"Being on the tightrope is living; everything else is waiting.","- Karl Wallenda"
"Opportunities multiply as they are seized.","- Sun Tzu"
"A scholar who cherishes the love of comfort is not fit to be deemed a scholar.","- Lao-Tzu (570?-490? BC)"
" The best way to predict the future is to invent it.","- Alan Kay"
"Never mistake motion for action.","- Ernest Hemingway (1899-1961)"
"I contend that we are both atheists. I just believe in one fewer god than you do. When you understand why you dismiss all the other possible gods, you will understand why I dismiss yours.","- Sir Stephen Henry Roberts (1901-1971)"
"Hell is paved with good samaritans.","- William M. Holden"
"The longer I live the more I see that I am never wrong about anything, and that all the pains that I have so humbly taken to verify my notions have only wasted my time.","- George Bernard Shaw (1856-1950)"
"Silence is argument carried out by other means.","- Ernesto""Che""Guevara (1928-1967)"
"Well done is better than well said.","- Benjamin Franklin (1706-1790)"
"The average person thinks he isn't.","- Father Larry Lorenzoni"
"Heav'n hath no rage like love to hatred turn'd, Nor Hell a fury, like a woman scorn'd.","- William Congreve (1670-1729)"
"A husband is what is left of the lover after the nerve has been extracted.","- Helen Rowland (1876-1950)"
"Learning is what most adults will do for a living in the 21st century.","- Lewis Perelman"
"Dogma is the sacrifice of wisdom to consistency.","- Lewis Perelman"
"Sometimes it is not enough that we do our best; we must do what is required.","- Sir Winston Churchill (1874-1965)"
"The man who goes alone can start today; but he who travels with another must wait till that other is ready.","- Henry David Thoreau (1817-1862)"
"There is a country in Europe where multiple-choice tests are illegal.","- Sigfried Hulzer"
"Ask her to wait a moment - I am almost done.","- Carl Friedrich Gauss (1777-1855), while working, when informed that his wife is dying"
"A pessimist sees the difficulty in every opportunity; an optimist sees the opportunity in every difficulty.","- Sir Winston Churchill (1874-1965)"
"I think there is a world market for maybe five computers.","- Thomas Watson (1874-1956), Chairman of IBM, 1943"
"I think it would be a good idea.","- Mahatma Gandhi (1869-1948), when asked what he thought of Western civilization"
"The only thing necessary for the triumph of evil is for good men to do nothing.","- Edmund Burke (1729-1797)"
"I'm not a member of any organized political party, I'm a Democrat!","- Will Rogers (1879-1935)"
"If stupidity got us into this mess, then why can't it get us out?"" ","- Will Rogers (1879-1935)"
"The backbone of surprise is fusing speed with secrecy.","- Von Clausewitz (1780-1831)"
"Democracy does not guarantee equality of conditions - it only guarantees equality of opportunity.","- Irving Kristol"
"There is no reason anyone would want a computer in their home.","- Ken Olson, president, chairman and founder of Digital Equipment Corp., 1977"
"The concept is interesting and well-formed, but in order to earn better than a 'C', the idea must be feasible.","- A Yale University management professor in response to student Fred Smith's paper proposing reliable overnight delivery service (Smith went on to found Federal Express Corp.)"
"Who the hell wants to hear actors talk?","- H. M. Warner (1881-1958), founder of Warner Brothers, in 1927"
"We don't like their sound, and guitar music is on the way out.","- Decca Recording Co. rejecting the Beatles, 1962"
"Everything that can be invented has been invented.","- Charles H. Duell, Commissioner, U.S. Office of Patents, 1899"
"Denial ain't just a river in Egypt.","- Mark Twain (1835-1910)"
"A pint of sweat saves a gallon of blood.","- General George S. Patton (1885-1945)"
"After I'm dead I'd rather have people ask why I have no monument than why I have one.","- Cato the Elder (234-149 BC, AKA Marcus Porcius Cato)"
"He can compress the most words into the smallest idea of any man I know.","- Abraham Lincoln (1809-1865)"
"Don't let it end like this. Tell them I said something.","- last words of Pancho Villa (1877-1923)"
"The right to swing my fist ends where the other man's nose begins.","- Oliver Wendell Holmes (1841-1935)"
"The difference between fiction and reality? Fiction has to make sense.","- Tom Clancy"
"It's not the size of the dog in the fight, it's the size of the fight in the dog.","- Mark Twain (1835-1910)"
"It is better to be feared than loved, if you cannot be both.","- Niccolo Machiavelli (1469-1527), ""The Prince"""
"Whatever is begun in anger ends in shame.","- Benjamin Franklin (1706-1790)"
"The President has kept all of the promises he intended to keep.","- Clinton aide George Stephanopolous speaking on Larry King Live"
"We're going to turn this team around 360 degrees.","- Jason Kidd, upon his drafting to the Dallas Mavericks"
"Half this game is ninety percent mental.","- Yogi Berra"
"There is only one nature - the division into science and engineering is a human imposition, not a natural one. Indeed, the division is a human failure; it reflects our limited capacity to comprehend the whole.","- Bill Wulf"
"There's many a bestseller that could have been prevented by a good teacher.","- Flannery O'Connor (1925-1964)"
"He has all the virtues I dislike and none of the vices I admire.","- Sir Winston Churchill (1874-1965)"
"Write drunk; edit sober.","- Ernest Hemingway (1899-1961)"
"I criticize by creation - not by finding fault.","- Cicero (106-43 B.C.)"
"Love is friendship set on fire.","- Jeremy Taylor"
"God gave men both a penis and a brain, but unfortunately not enough blood supply to run both at the same time.","- Robin Williams, commenting on the Clinton/Lewinsky affair"
"My occupation now, I suppose, is jail inmate.","- Unibomber Theodore Kaczynski, when asked in court what his current profession was"
"This isn't right, this isn't even wrong.","- Wolfgang Pauli (1900-1958), upon reading a young physicist's paper"
"For centuries, theologians have been explaining the unknowable in terms of the-not-worth-knowing.","- Henry Louis Mencken (1880-1956)"
"Pray, v.: To ask that the laws of the universe be annulled on behalf of a single petitioner confessedly unworthy.","- Ambrose Bierce (1842-1914)"
"Every normal man must be tempted at times to spit upon his hands, hoist the black flag, and begin slitting throats.","- Henry Louis Mencken (1880-1956)"
"Now, now my good man, this is no time for making enemies.","- Voltaire (1694-1778) on his deathbed in response to a priest asking that he renounce Satan."
"Fill the unforgiving minute with sixty seconds worth of distance run.","- Rudyard Kipling (1865-1936)"
"He would make a lovely corpse.","- Charles Dickens (1812-1870)"
"I've just learned about his illness. Let's hope it's nothing trivial.","- Irvin S. Cobb"
"I worship the quicksand he walks in.","- Art Buchwald"
"Wagner's music is better than it sounds.","- Mark Twain (1835-1910)"
"A poem is never finished, only abandoned.","- Paul Valery (1871-1945)"
"We are not retreating - we are advancing in another Direction.","- General Douglas MacArthur (1880-1964)"
"With or without religion, good people can behave well and bad people can do evil; but for good people to do evil, that takes religion.","- Steven Weinberg (1933-)"
"If you were plowing a field, which would you rather use? Two strong oxen or 1024 chickens?","- Seymour Cray (1925-1996), father of supercomputing"
"#3 pencils and quadrille pads.","- Seymoure Cray (1925-1996) when asked what CAD tools he used to design the Cray I supercomputer; he also recommended using the back side of the pages so that the grid lines were not so dominant."
"Interesting - I use a Mac to help me design the next Cray.","- Seymoure Cray (1925-1996) when he was told that Apple Inc. had recently bought a Cray supercomputer to help them design the next Mac."
"Your Highness, I have no need of this hypothesis.","- Pierre Laplace (1749-1827), to Napoleon on why his works on celestial mechanics make no mention of God."
"I choose a block of marble and chop off whatever I don't need.","- Francois-Auguste Rodin (1840-1917), when asked how he managed to make his remarkable statues"
"The man who does not read good books has no advantage over the man who cannot read them.","- Mark Twain (1835-1910)"
"The truth is more important than the facts.","- Frank Lloyd Wright (1868-1959)"
"Research is what I'm doing when I don't know what I'm doing.","- Wernher Von Braun (1912-1977)"
"There are only two tragedies in life: one is not getting what one wants, and the other is getting it.","- Oscar Wilde (1854-1900)"
"There are only two ways to live your life. One is as though nothing is a miracle. The other is as though everything is a miracle.",""
"The less confident you are, the more serious you have to act."" - Tara Ploughman",""
"The condition of man is already close to satiety and arrogance, and there is danger of destruction of everything in existence."" - a Brahmin to Onesicritus, 327 BC, reported in Strabo's Geography",""
"Change breaks the brittle."" - Jan Houtema",""
"The sons of Hermes love to play, And only do their best when they Are told they oughtn't; Apollo's children never shrink From boring jobs but have to think Their work important. - W. H. Auden, Under Which Lyre",""
"Programs must be written for people to read, and only incidentally for machines to execute."" - Abelson & Sussman, SICP, preface to the first edition",""
"That language is an instrument of human reason, and not merely a medium for the expression of thought, is a truth generally admitted."" - George Boole, quoted in Iverson's Turing Award Lecture",""
"Short words are best and the old words when short are best of all."" - Winston Churchill",""
"Many big people were chasing me. I didn't know what to do. So I thought I would surprise them and throw it."" - Garo Yepremian, Miami placekicker, after a disastrous attempt to throw a pass in the Super Bowl.",""
"That book is good in vain which the reader throws away. He only is the master who keeps the mind in pleasing captivity; whose pages are perused with eagerness, and in hope of new pleasure are perused again; and whose conclusion is perceived with an eye of sorrow, such as the traveller casts upon departing day."" - Johnson, Lives of the Poets: Dryden",""
"Don't worry about what anybody else is going to do. The best way to predict the future is to invent it."" - Alan Kay",""
"But the audience is right. They're always, always right. You hear directors complain that the advertising was lousy, the distribution is no good, the date was wrong to open the film. I don't believe that. The audience is never wrong. Never."" - William Friedkin, in a NYT interview",""
"Dealing with failure is easy: Work hard to improve. Success is also easy to handle: You've solved the wrong problem. Work hard to improve."" - Alan Perlis",""
"Frankly, I don't think you could have driven a needle up my sphincter using a sledgehammer."" - Col. Barry Horne, F-117 pilot, on first mission over Baghdad",""
"Two centuries later a most clear-sighted historian of the Second Crusade can find space in a short narrative to record on many occasions the flattery, perjury, perfidy, blasphemy, heresy, arrogance, servility, deceit, pride, cunning and infidelity of the Greeks."" - R. W. Southern, The Making of the Middle Ages",""
"The imagination of nature is far, far greater than the imagination of man."" - Richard Feynman",""
"The greatest dangers to liberty lurk in insidious encroachment by men of zeal, well-meaning but without understanding."" - Brandeis",""
"People who read Cosmopolitan magazine are very different from those who do not."" - Donald Berry, Statistics: A Bayesian Perspective",""
"The art of handling university students is to make oneself appear, and this almost ostentatiously, to be treating them as adults...."" - Arnold Toynbee, Experiences",""
"Americans spend an average of four hours a day watching TV, an hour of that enduring ads. That adds up to an astounding 10% of total leisure time; at current rates, a typical viewer fritters away three years of his life getting bombarded with commercials."" - Scott Woolley, Forbes",""
"The best writing is rewriting."" - E. B. White",""
"Modern invention has been a great leveller. A machine may operate far more quickly than a political or economic measure to abolish privilege and wipe out the distinctions of class or finance."" - Ivor Brown, The Heart of England",""
"If our goal is to write poetry, the only way we are likely to be any good is to try to be as great as the best."" - Donald Hall, Poetry and Ambition",""
"I am annoyed to find myself continually described by people whom I have never set eyes on as bad-tempered."" - Evelyn Waugh, Diary (26 Dec 47)",""
"Premature optimization is the root of all evil (or at least most of it) in programming."" - Donald Knuth",""
"In France those absurd perversions of the art of war which covered themselves under the name of chivalry were more omnipotent than in any other country of Europe. The strength of the armies of Philip and John of Valois was composed of a fiery and undisciplined aristocracy which imagined itself to be the most efficient military force in the world, but which was in reality little removed from an armed mob."" - C. W. C. Oman, The Art of War in the Middle Ages",""
"The public should always be wondering how it is possible to give so much for the money."" - Henry Ford",""
"None ever wished it longer than it is."" - Johnson on Paradise Lost",""
"Many large and high class greengrocers of my acquaintance have never heard of the Golden Wonder potato."" - Roy Genders, Vegetables for the Epicure",""
"The best lack all conviction, while the worst Are full of passionate intensity. - Yeats, The Second Coming",""
"We act as though comfort and luxury were the chief requirements of life, when all that we need to make us happy is something to be enthusiastic about."" - Charles Kingsley",""
"The path from good to evil goes through bogus."" - Tara Ploughman",""
"Lisp has jokingly been called ""the most intelligent way to misuse a computer"". I think that description is a great compliment because it transmits the full flavor of liberation: it has assisted a number of our most gifted fellow humans in thinking previously impossible thoughts."" - Edsger Dijkstra, CACM, 15:10",""
"Many who burnt heretics in the ordinary way of their business were otherwise excellent people."" - G. M. Trevelyan, ""Bias in History",""
"He became an object of ridicule in 1993 when a paper published an intercepted phone call in which he told his lover Camilla Parker Bowles he wanted to be reincarnated as her tampon."" - Reuters story, on Prince Charles",""
"We're even wrong about which mistakes we're making."" - Carl Winfeld",""
"From this place she sent into the world those novels, which by many have been placed on the same shelf as the works of a D'Arblay and an Edgeworth."" - Henry Austen on his sister Jane, in a preface to Persuasion",""
"The key to performance is elegance, not battalions of special cases."" - Jon Bentley and Doug McIlroy",""
"The economic depression that struck Europe in the fourteenth century was followed ultimately by economic and technological recovery. But the depression we have moved into will have no end. We can anticipate centuries of decline and exhaustion."" - Jean Gimpel, The Medieval Machine, 1975",""
"Politics is not the art of the possible. It consists in choosing between the disastrous and the unpalatable."" - J. K. Galbraith, Letter to Kennedy, 1962",""
"A typical dinner from the ape menu would be tofu bake with ratatouille of aubergine, onions and sweet peppers, with pearled barley and vegetable side dishes, says the team."" - New Scientist",""
"Guy Steele leads a small team of researchers in Burlington, Massachusetts, who are taking on an enormous challenge - create a programming language better than Java."" - Sun.Com (my italics)",""
"I had my own reactions to Paul's essay - on the whole I liked it but when I connected some dots I found some suggestions of things I strongly disliked - not so much in the essay as suggested by it."" - reaction to What You Can't Say in a blog",""
"Your twenties are always an apprenticeship, but you don't always know what for."" - Jan Houtema",""
"In addition, the board rewrote the definition of science, so that it is no longer limited to the search for natural explanations of phenomena."" - AP story on Kansas Board of Education",""
"A danger sign that fellow-obsessionals will at once recognize is the tendency to regard the happiest moments of your life as those that occur when someone who has an appointment to see you is prevented from coming."" - Peter Medawar, Memoirs of a Thinking Radish",""
"Never offer what you'd hate someone for accepting."" - Tara Ploughman",""
"The pagans were incensed at the rashness of a recent and obscure sect, which presumed to accuse their countrymen of error, and to devote their ancestors to eternal misery."" - Gibbon, The Decline and Fall of the Roman Empire",""
"Simultaneously reifying and challenging hegemonic codes of race, class, gender and regional or national identity, his characters explore the complex and changing postmodern cultural landscape."" - Robert Bennett, English professor at Montana State, announcing a panel discussion about Brad Pitt",""
"In the councils of government, we must guard against the acquisition of unwarranted influence, whether sought or unsought, by the military-industrial complex. The potential for the disastrous rise of misplaced power exists and will persist."" - Eisenhower, Farewell Address",""
"Keep away from people who try to belittle your ambitions. Small people always do that, but the really great make you feel that you, too, can become great."" - Mark Twain",""
"However little television you watch, watch less."" - David McCullough",""
"Any word you have to hunt for in a thesaurus is the wrong word."" - Stephen King",""
"The people can always be brought to the bidding of the leaders. That is easy. All you have to do is tell them they are being attacked, and denounce the pacifists for lack of patriotism, and exposing the country to greater danger."" - Goering at the Nuremberg Trials",""
"As all these results were obtained, not by any heroic method, but by patient and detailed reasoning, I began to think it probable that philosophy had erred in adopting heroic remedies for intellectual difficulties, and that solutions were to be found merely by greater care and accuracy. This view I have come to hold more and more strongly as time went on, and it has led me to doubt whether philosophy, as a study distinct from science and possessed of a method of its own, is anything more than an unfortunate legacy from theology."" - Bertrand Russell, ""Logical Atomism",""
"Get the important things right."" - N. P. Calderwood",""
"The power of instruction is seldom of much efficacy except in those happy dispositions where it is almost superfluous."" - Gibbon",""
"I do not know what the Lord's anointed, his Vicegerent upon earth, divinely appointed by him, and accountable to none but him for his actions, will either think or do, upon these symptoms of reason and good sense which seem to be breaking out all over France: but this I foresee, that, before the end of this century, the trade of both King and Priest will not be half so good a one as it has been."" - Chesterfield, letter to his son, 13 Apr 1752",""
"filter(P, S) is almost always written clearer as [x for x in S if P(x)]"" - Guido van Rossum on Python",""
"I'm surrounded by postmodern idiots and blatherers. Your writings give me hope."" - email from a reader",""
"In the last analysis, productivity of labour is the most important, the principal thing for the victory of the new social system."" - Lenin, quoted in First Five-Year Plan for the Development of the National Economy of the People's Republic of China in 1953-1957",""
"Most interesting phenomena have multiple causes."" - N. P. Calderwood",""
"From 1911 to 1920, the mood of the city varied between utter dullness and tremendous excitement."" - Arthur Coffman, An Illustrated History of Palo Alto",""
"A new scientific truth does not triumph by convincing its opponents and making them see the light, but rather because its opponents eventually die, and a new generation grows up that is familiar with it."" - Max Planck",""
"No man who ever held the office of President would congratulate a friend on obtaining it."" - John Adams",""
"PowerPoint makes us stupid."" - General James N. Mattis, USMC",""
"The best way to do something 'lean' is to gather a tight group of people, give them very little money, and very little time."" - Bob Klein, chief engineer of the F-14 program",""
"But camels, though odious to view and endowed with the offensive spirit, did not enjoy the blessing of pachydermaty."" - F. E. Adcock, The Greek and Macedonian Art of War",""
"As it turned out, the obvious clearly stated, and combined with new observations, was sometimes close to revolutionary."" - Wallace Stegner on John Wesley Powell",""
"Focusing is about saying no."" - Steve Jobs",""
"The very word ""secrecy"" is repugnant in a free and open society; and we are as a people inherently and historically opposed to secret societies, to secret oaths and to secret proceedings. We decided long ago that the dangers of excessive and unwarranted concealment of pertinent facts far outweighed the dangers which are cited to justify it. Even today, there is little value in opposing the threat of a closed society by imitating its arbitrary restrictions. Even today, there is little value in insuring the survival of our nation if our traditions do not survive with it."" - John F. Kennedy",""
"In the Zenith Color chassis there are no printed circuits, no production shortcuts. Every connection is carefully hand-wired with the same exacting care that makes Zenith America's largest selling TV, and your best Color TV buy."" - Zenith TV ad, 1964",""
"Semper aut discere, aut docere, aut scribere dulce habui."" - Bede",""
"The qualities that made for success in a fighter-pilot seemed to be just those sturdy qualities that made for success in other professions; observation, initiative, determination, courage, including the courage to run away. In course of time it appeared that men who had a private axe to grind beyond the public axe of the King's enemies were especially successful."" - Jim Bailey, The Sky Suspended",""
"Everything about it was visibly mis-shapen, corrupt, crawling, verminous; for a time I could not bear to look at it, and passed with averted eyes; recovering from this weakness, I forced myself to look, and to face day by day the question: a thing so obviously, so incontrovertibly, so indefensibly bad, why had Scott done it?"" - R. G. Collingwood on the Albert Memorial",""
"Anybody who cares less about wanting to be cool, I think, is more interesting."" - Aimee Mann",""
"The late Richard Feynman, a superb physicist, said once as we talked about the laser that the way to tell a great idea is that, when people hear it, they say, 'Gee, I could have thought of that.'"" - Charles Townes, How the Laser Happened",""
"If we chose always to be wise we should rarely need to be virtuous. But inclinations which we could easily overcome irresistibly attract us. We give in to slight temptations and minimize the danger. We fall insensibly into dangerous situations, from which we could easily have safeguarded ourselves, but from which we cannot withdraw without heroic efforts which appal us. So finally, as we tumble into the abyss, we ask God why he has made us so feeble. But, in spite of ourselves, He replies through our consciences: 'I have made you too feeble to climb out of the pit, because I made you strong enough not to fall in.'"" - Rousseau, Confessions, Cohen trans.",""
"Constantly fortified with the new blood of immigrants who saw America as a place where anything was possible, the nation had adopted an ethos that elevated problem solving to the status of religion."" - John Hoyt Williams, A Great and Shining Road",""
"That 95 per cent. fail of those who start in business upon their own account seems incredible, and yet such are said to be the statistics upon the subject."" - Andrew Carnegie, 1896",""
"You should never turn a man's generosity as a sword against him. Any virtue that a man has, even if he has many vices, should not be used as a tool against him."" - Rabi to Feynman",""
"You can't say I didn't try really hard, 'cause I'm trying really hard to be good."" - Tom Petty",""
"He begins working calculus problems in his head as soon as he awakens. He did calculus while driving in his car, while sitting in the living room, and while lying in bed at night."" - divorce complaint of Richard Feynman's second wife",""
"The development of this aircraft was long and complex even by Soviet standards, partially explained by the fact that its entire design team was in jail."" - Howard Moon on the TU-2",""
"It is said that there is a technical term for people who believe that little boys and little girls are born indistinguishable and are molded into their natures by parental socialization. The term is 'childless.'"" - Steven Pinker",""
"When you have eliminated the impossible, whatever remains, however improbable, must be the truth."" - Sherlock Holmes",""
"His notions fitted things so well, That which was which he could not tell; But oftentimes mistook th' one For th' other, as great clerks have done. - Samuel Butler, Hudibras",""
"A complex system that works is invariably found to have evolved from a simple system that worked. The inverse proposition also appears to be true: A complex system designed from scratch never works and cannot be made to work."" - John Gall",""
"The Muslims of al-Andalus had nothing to learn from their Christian neighbours and were incurious about them. Geographers' accounts of Christian Spain tended to be cursory in the extreme: it was cold, the inhabitants were barbarians who ate pigs, you could get slaves there - that was about the sum of it."" - Richard Fletcher, Moorish Spain",""
"When the enemy is making a false movement we must take good care not to interrupt him."" - Napoleon",""
"Leave me alone, I'm trying to build! Don't you know how people build? By concentrating!"" - my 5 year old son, building Lego",""
"An expert is a man who has made all the mistakes which can be made in a very narrow field."" - Niels Bohr",""
"Don't fear moving slowly. Fear standing still."" - Chinese proverb",""
"I think a life properly lived is just learn, learn, learn all the time."" - Charlie Munger",""
"The handicap under which most beginning writers struggle is that they don't know how to write."" - Wodehouse",""
"Then in 1888 came the publication of Denton's history of England in the fifteenth century. This was a masterpiece of egregious perversity, depicting the later Middle Ages as a culminating period of ruinous taxation, iniquitous labour laws, demoralizing pestilences, and lavish dissipation of national resources upon violent and embittered domestic feuds and futile and indecisive foreign wars. The credulity of even the most undiscriminating reader was taxed to a degree by a portrayal in which horror succeeded upon cataclysm, in a thickening atmosphere of crime and terror, want, degradation, and wretchedness."" - A. R. Bridbury",""
"We are all agreed that your theory is crazy. The question that divides us is whether it is crazy enough to have a chance of being correct."" - Niels Bohr",""
"Pessimists sound smart. Optimists make money."" - Nat Friedman",""
"Immature poets imitate; mature poets steal; bad poets deface what they take, and good poets make it into something better, or at least something different."" - T. S. Eliot",""
"The most exciting phrase to hear in science, the one that heralds new discoveries, is not 'Eureka' but 'That's funny...' - Isaac Asimov",""
"We always want to make sure that our machines haven't by accident learned something that isn't what we intended."" - Susan Wojcicki",""
"The population is made up of four types of people: A small number hunt witches. A large number go along with the hunt. A larger number are silent. A tiny number oppose it. The final group - as if by magic - become witches."" - Bret Weinstein",""
"People who can't laugh at themselves will always be outwitted by people who can."" - T. K. Coleman",""
"Political correctness is America's newest form of intolerance, and it is especially pernicious because it comes disguised as tolerance. It presents itself as fairness, yet attempts to restrict and control people's language with strict codes and rigid rules."" - George Carlin",""
"I sometimes ask students what their position on slavery would have been had they been white and living in the South before abolition. Guess what? They all would have been abolitionists! They all would have bravely spoken out against slavery, and worked tirelessly against it."" - Robert P. George",""
"Lies are often much more plausible, more appealing to reason, than reality, since the liar has the great advantage of knowing beforehand what the audience wishes or expects to hear."" - Hannah Arendt",""
"If you want to have good ideas, you must have many ideas."" - Linus Pauling",""
"A good notation has a subtlety and suggestiveness which at times make it almost seem like a live teacher."" - Bertrand Russell",""
"I didn't make a decision to pursue astronomy. Rather, it just grabbed me, and I had no thought of escaping."" - Carl Sagan",""
"How we spend our days is, of course, how we spend our lives."" - Annie Dillard",""
"Tis not in mortals to command success; but we'll do more, Sempronius, we'll deserve it."" - Addison",""
"Sometimes, magic is just someone spending more time on something than anyone else might reasonably expect."" - Teller",""
"Few people are capable of expressing with equanimity opinions which differ from the prejudices of their social environment. Most people are even incapable of forming such opinions."" - Einstein",""
"All buildings are predictions. All predictions are wrong."" - Stewart Brand",""
"It's easier to win an argument with a genius than an idiot."" - Gurwinder Bhogal",""
"Now, most people hate to admit they're wrong, but it didn't bother Bill one bit. All he cared about was what was right, not who was right. That's what makes Bill very, very dangerous."" - Larry Ellison on Bill Gates",""
"Because most entrenched bureaucracies tend to develop a strong aversion to changing the status quo, state-run technological progress is not likely to be sustained over long periods."" - Joel Mokyr",""
"The German historians of the nineteenth century were explicit and vastly successful in the exercise of what they regarded as social responsibility. Nor did they see any conflict between their ethics as historians and their obligations as citizens. But we can now perceive that they were building not only a united Germany but a Germany united in authoritarian terms."" - Lynn White",""
"We are the masters of the unsaid words, but slaves of those we let slip out."" - Churchill",""
"Good ideology. Wrong species."" - E. O. Wilson on Marxism",""
"I never took a day off in my twenties. Not one."" - Bill Gates",""
"Stopped."" - last words of the surgeon Joseph Henry Green, referring to his own pulse",""
"Nothing so dates an era as its conception of the future."" - Brian Eno",""
"I never understand anything until I have written about it."" - Horace Walpole",""
"The paper is in the midst of an evolution from the stodgy paper of record into a juicy collection of great narratives."" - The New York Times on itself",""
"Everyone has the right to freedom of opinion and expression; this right includes freedom to hold opinions without interference and to seek, receive and impart information and ideas through any media and regardless of frontiers."" - UN Declaration of Human Rights",""
"Remember that the thing that is most likely to be wrong is the thing that you heard most recently, because we've not had the chance to verify it yet."" - William Hanage on news during epidemics",""
"Avoid metaphors, which can introduce unneeded baggage."" - UC Irvine Inclusive IT Language Guide",""
"In truth, Theodoric was something of a parvenu, as every other Goth must have been aware."" - J. M. Wallace-Hadrill",""
"What every scientist knows, but few will admit, is that the requirement for great success is great ambition. Moreover, the ambition is for personal triumph over other men, not merely over nature."" - Richard Lewontin",""
"If you want to combat error, critique your in-group. You speak their language and they trust you, so you might persuade someone. If you want to raise your status, critique your out-group. They won't listen, but your in-group will love it."" - Bryan Caplan",""
"Crime does not pay as much as code."" - Freddy Vega",""
"Cities are not loud. Cars are loud."" - John Riecke",""
"A fundamental theory should have no free parameters."" - Thomas Van Riet",""
"If you start a war, you don't get to choose how it ends."" - Shashank Joshi",""
"It is very hard to remember that events now long in the past were once in the future."" - Maitland",""
"Intellectuals are naturally attracted by the idea of a planned society, in the belief that they will be in charge of it."" - Roger Scruton",""
"Some argue that we should evaluate ... research only on the basis of its scientific soundness and merit. I disagree."" - Stavroula Kousta, chief editor of Nature Human Behaviour",""
"We recommend avoiding general and often dehumanizing 'the' labels such as the poor, the mentally ill, the French, the disabled, the college-educated. Instead, use wording such as people with mental illnesses."" - AP Stylebook",""
"Ludwig Boltzmann, who spent much of his life studying statistical mechanics, died in 1906, by his own hand. Paul Ehrenfest, carrying on the work, died similarly in 1933. Now it is our turn to study statistical mechanics."" - first paragraph of David Goodstein's States of Matter",""
"I am inclined to agree with Francis Galton in believing that education and environment produce only a small effect on the mind of any one, and that most of our qualities are innate."" - Darwin",""
"The show was successful because I micromanaged it - every word, every line, every take, every edit, every casting. That's my way of life."" - Seinfeld",""
"Research is to see what everybody has seen and think what nobody has thought."" - Albert Szent-Györgyi paraphrasing Schopenhauer",""
"I never thought I'd live to see the day when the right wing would become the cool ones giving the middle finger to the establishment, and the left wing becoming the sniveling self-righteous twatty ones going around shaming everyone."" - Johnny Rotten, lead singer of the Sex Pistols",""
"At last in 565 he stepped himself into undeniable heterodoxy, and died that year branded by the vast majority of his subjects as an Aphthartocathartic heretic."" - Steven Runciman on Justinian",""
"It was always the women, and above all the young ones, who were the most bigoted adherents of the Party, the swallowers of slogans, the amateur spies and nosers-out of unorthodoxy."" - George Orwell, 1984",""
"If, therefore, I have failed to make Aristotle's theory of universals clear, that is (I maintain) because it is not clear."" - Bertrand Russell, History of Western Philosophy",""
"If you're thinking without writing, you only think you're thinking."" - Leslie Lamport",""
